"No_of_clusters","ASW"
1,0
2,0.907446571812245
3,0.89696595129619
4,0.883869193829936
5,0.782506988848933
6,0.785276468046203
7,0.704675834003635
8,0.686489495978095
9,0.764882075905914
10,0.625459318871114
